headline,snippet,source,type,url,word_count,locations,subjects
b'How Beetles That Live Underwater Breathe Without a Scuba Tank',"b'When an insect is this small, it seems to be able to get away with an unusual technique for taking in oxygen.'",The New York Times,News,https://www.nytimes.com/2019/04/09/science/underwater-beetles-breathe-skin.html,510,['Australia'],"['Beetles', 'Respiratory System', 'Skin', 'Oxygen', 'Water', 'Research', 'your-feed-science']"
b'Can Low-Impact Sports Like Cycling Be Putting Your Bones at Risk?',b'Research has raised concerns that activities like cycling and swimming may put too little pressure on bones.',The New York Times,News,https://www.nytimes.com/2019/01/30/well/move/can-low-impact-sports-like-cycling-be-putting-your-bones-at-risk.html,871,[],"['Bones', 'Exercise', 'Cycling, Road', 'Bicycles and Bicycling', 'Skeletons', 'Running', 'Calcium', 'Swimming', 'Osteoporosis', 'Athletics and Sports']"
b'Grand Jury Indicts Chinese Woman on Charges of Lying and Trespass at Mar-a-Lago',b'A consultant from China who was arrested after entering President Trump\xe2\x80\x99s Mar-a-Lago resort was indicted on charges of making false statements to federal officials.',The New York Times,News,https://www.nytimes.com/2019/04/12/us/yujing-zhang-mar-a-lago.html,665,[],"['Espionage and Intelligence Services', 'United States Politics and Government']"
b'How Breast Size Affects How Women Exercise',"b'As women\xe2\x80\x99s breast sizes grew, their participation in physical activity declined, particularly if that exercise was vigorous.'",The New York Times,News,https://www.nytimes.com/2019/03/06/well/move/how-breast-size-affects-how-women-exercise.html,890,[],"['Exercise', 'Breasts', 'Women and Girls', 'Lingerie and Underwear', 'Obesity']"
"b'$1.3 Million Homes in Connecticut, Hawaii and Illinois'","b'A 1760 clapboard house in New Milford, a cottage on Maui and an 1878 bungalow in Wilmette.'",The New York Times,News,https://www.nytimes.com/2019/02/20/realestate/1-3-million-homes-in-connecticut-hawaii-and-illinois.html,1120,"['New Milford (Conn)', 'Maui (Hawaii)', 'Wilmette (Ill)']",['Real Estate and Housing (Residential)']
"b'Minor League in Name Only, New Las Vegas Ballpark Opens'","b""Don Logan spent years trying to get a new minor league ballpark in this gambling city, so the president of the Las Vegas Aviators understands what the Oakland A's are going through in their quest for new digs in the Bay Area.""",AP,News,https://www.nytimes.com/aponline/2019/04/09/sports/baseball/ap-bbm-new-vegas-ballpark.html,864,[],[]
b'About Last Night: T Magazine Celebrates Salone del Mobile',"b'To fete the annual design fair, Studio Ossidiana turned the grounds of the Villa Necchi Campiglio into a fantastical spring garden.'",The New York Times,News,https://www.nytimes.com/2019/04/09/t-magazine/salone-del-mobile-party.html,320,['Milan (Italy)'],['Parties (Social)']
b'Casino Company Las Vegas Sands Announces Singapore Expansion',"b'Casino company Las Vegas Sands announced Wednesday it plans to spend $3.3 billion to add an entertainment arena, new hotel tower and more convention space to its property in Singapore.'",AP,News,https://www.nytimes.com/aponline/2019/04/03/us/ap-us-las-vegas-sands-singapore.html,305,[],[]
b'\xe2\x80\x98Sharkwater Extinction\xe2\x80\x99 Review: A Plea to Stop Killing Sharks',b'A documentary reveals a cruel market in which tens of millions of sharks are caught every year to meet the demand for fin soup.',The New York Times,Review,https://www.nytimes.com/2019/02/28/movies/sharkwater-extinction-review.html,252,[],"['Sharks', 'Movies', 'Documentary Films and Programs']"
b'Malaysia to Sell 1MDB-Linked Superyacht for $126 Million',"b'Malaysia will sell a superyacht allegedly bought with stolen funds from state fund 1MDB to casino operator Genting Malaysia Bhd for $126 million, in the first major asset sale by Kuala Lumpur to recover billions lost from the fund.'",Reuters,News,https://www.nytimes.com/reuters/2019/04/03/business/03reuters-malaysia-scandal-yacht.html,348,[],[]
"b'\xe2\x80\x98Rezo\xe2\x80\x99 Review: The Life of an Artist, From His Own Hand'",b'This Russian-language feature combines documentary and animation to tell the story of the director\xe2\x80\x99s father.',The New York Times,Review,https://www.nytimes.com/2019/03/12/movies/rezo-review.html,310,[],"['Documentary Films and Programs', 'Animated Films']"
b'Ukrainian Comedian Gets Serious With Investors in Bid for Presidency',"b'In a popular TV series, a fictional Ukrainian president gets so drunk at a dinner with the head of the International Monetary Fund that he throws her into a swimming pool. '",Reuters,News,https://www.nytimes.com/reuters/2019/04/12/world/europe/12reuters-ukraine-election-zelenskiy-investors.html,918,[],[]
b'Japan Olympic Minister Resigns Over Disaster Gaffe',"b""Japan's Olympic minister resigned Wednesday after making remarks deemed offensive to the people affected by the 2011 earthquake and tsunami, a gaffe that had questioned his credentials.""",AP,News,https://www.nytimes.com/aponline/2019/04/10/sports/olympics/ap-oly-japan-olympic-minister-resigns.html,402,[],[]
b'That Noise? The Rich Neighbors Digging a Basement Pool in Their $100 Million Brownstone',b'The extremely loud and incredibly expensive renovations that have shattered a formerly quiet residential block in Manhattan.',The New York Times,News,https://www.nytimes.com/2019/04/05/nyregion/gentrification-one-percent-manhattan.html,2518,"['Upper West Side (Manhattan, NY)', 'Manhattan (NYC)']","['Noise', 'Building (Construction)', 'Brownstones', 'High Net Worth Individuals', 'Real Estate and Housing (Residential)', 'Swimming Pools']"
b'Word + Quiz: brook',"b'This word has appeared 1,399 times on NYTimes.com in the past year.'",The New York Times,News,https://www.nytimes.com/2019/01/15/learning/15WODLN.html,227,[],[]
"b'Let Victims Speak, German Child Abuse Inquiry Says'","b'A girl on an East German cooperative farm beaten by her father, then raped and traded for sex by her brother. An emotionally troubled boy undressed in ""counseling sessions"" by a priest at his boarding school. A swimmer abused by his instructor.'",Reuters,News,https://www.nytimes.com/reuters/2019/04/03/world/europe/03reuters-germany-child-abuse.html,430,[],[]
"b'$2.8 Million Homes in Connecticut, California and South Carolina'","b'A Dutch colonial-style home in Greenwich, a Cape Cod in Ross and an 1834 house in Charleston.'",The New York Times,News,https://www.nytimes.com/2019/03/13/realestate/2-8-million-homes-in-connecticut-california-and-south-carolina.html,981,"['Charleston (SC)', 'Greenwich (Conn)', 'Ross (Calif)', 'Marin County (Calif)']",['Real Estate and Housing (Residential)']
"b'In South Africa, a Sense of Security Draws Many to Golf Communities'","b'Only the United States, with six times the population, has more gated communities.'",International New York Times,News,https://www.nytimes.com/2019/03/09/todaysinyt/in-south-africa-a-sense-of-security-draws-many-to-golf-communities.html,1454,['Cape Town (South Africa)'],"['Real Estate and Housing (Residential)', 'Golf']"
"b""FBI Investigating Chinese Woman's Trump Resort Visit: Sources""","b""The FBI is examining whether a Chinese woman who bluffed her way into President Donald Trump's Mar-a-Lago resort last weekend had any links to Chinese intelligence or political influence operations, two U.S. government sources said on Thursday.""",Reuters,News,https://www.nytimes.com/reuters/2019/04/04/world/asia/04reuters-usa-trump-maralago-china.html,435,[],[]
"b'Ancient Four-Legged Whale From Peru Walked on Land, Swam in Sea'",b'Scientists have unearthed fossils in a coastal desert of southern Peru of a four-legged whale that thrived both in the sea and on land about 43 million years ago in a discovery that illuminates a pivotal stage in early cetacean evolution.',Reuters,News,https://www.nytimes.com/reuters/2019/04/04/world/americas/04reuters-science-whale.html,424,[],[]
b'FTSE 100 at Six-Month High as Brexit-Wounded Pound Lifts Exporters',"b""London's main index surged to its highest in nearly six months as exporter stocks benefited from a weakening pound on rising fears of a no-deal exit as parliament rejected all Brexit alternatives again.""",Reuters,News,https://www.nytimes.com/reuters/2019/04/02/business/02reuters-britain-stocks.html,458,[],[]
b'Dead Whale Found With 88 Pounds of Plastic Inside Body in the Philippines',b'The whale\xe2\x80\x99s grisly death renewed focus on the problem of plastics ending up in oceans. The Philippines is the third-biggest contributor of such waste.',The New York Times,News,https://www.nytimes.com/2019/03/18/world/asia/whale-plastics-philippines.html,459,['Philippines'],"['Whales and Whaling', 'Plastics', 'Plastic Bags', 'Waste Materials and Disposal', 'Fish and Other Marine Life', 'Water Pollution']"
b'3 Newborn Endangered Right Whales Seen After Year With No Births',"b'The sighting this winter of newborn whales off the coasts of Florida and Georgia is being greeted with mild optimism, as the North Atlantic population has dwindled. '",The New York Times,News,https://www.nytimes.com/2019/01/22/science/right-whales-calves-endangered-species.html,889,"['Amelia Island (Fla)', 'Georgia']","['Whales and Whaling', 'Endangered and Extinct Species', 'Birth Rates']"
b'What\xe2\x80\x99s on TV Saturday: \xe2\x80\x98The Meg\xe2\x80\x99 and \xe2\x80\x98The Dirt\xe2\x80\x99',b'Watch Jason Statham confront a massive whale in \xe2\x80\x9cThe Meg.\xe2\x80\x9d Or catch a M\xc3\xb6tley Cr\xc3\xbce biopic on Netflix.',The New York Times,Schedule,https://www.nytimes.com/2019/03/23/arts/television/whats-on-tv-saturday-the-meg-and-the-dirt.html,504,[],"['Movies', 'Television']"
"b'Buttery Lobster, Without All the Work (or the Bib)'","b'Treat yourself and your date (or just yourself), with this recipe for lobster, swimming in melted butter and showered with herbs.'",The New York Times,News,https://www.nytimes.com/2019/02/08/dining/lazy-lobster-recipe.html,432,[],"['Cooking and Cookbooks', 'Lobsters', 'Seafood']"
b'A First Look at the Cover of Ta-Nehisi Coates\xe2\x80\x99s Forthcoming Novel',"b'\xe2\x80\x9cThe Water Dancer,\xe2\x80\x9d out in September, is about an enslaved man whose life is altered by a near-death experience.'",The New York Times,News,https://www.nytimes.com/2019/02/12/books/ta-nehisi-coates-water-dancer-calida-garcia-rawles.html,458,[],"['Books and Literature', 'Art']"
b'Jones Day Law Firm Is Sued for Pregnancy and Gender Discrimination by 6 Women',"b'The firm is accused of engaging in gender and pregnancy discrimination by underpaying female lawyers, thwarting their advancement and pushing them out once they have children.'",The New York Times,News,https://www.nytimes.com/2019/04/03/business/jones-day-pregnancy-discrimination.html,598,[],"['Women and Girls', 'Discrimination', 'Suits and Litigation (Civil)', 'Legal Profession', 'Pregnancy and Childbirth', 'Sexual Harassment', 'Labor and Jobs']"
b'Review: Stephen Petronio Pledges Allegiance to a Dance Lineage',"b'With Merce Cunningham\xe2\x80\x99s playful \xe2\x80\x9cTread\xe2\x80\x9d and Rudy Perez\xe2\x80\x99s quiet, defiant \xe2\x80\x9cCoverage,\xe2\x80\x9d Bloodlines breathes new life into Mr. Petronio\xe2\x80\x99s company.'",The New York Times,Review,https://www.nytimes.com/2019/04/12/arts/dance/petronio-company-bloodlines-review.html,673,[],['Dancing']
b'House Hunting in \xe2\x80\xa6 Morocco',"b'The city of Marrakesh has enjoyed a recent boost in visibility, but with plenty of inventory, it remains a buyer\xe2\x80\x99s market.'",The New York Times,News,https://www.nytimes.com/2019/03/06/realestate/house-hunting-in-morocco.html,1234,"['Marrakesh (Morocco)', 'Morocco']",['Real Estate and Housing (Residential)']
b'U.K. Defends Buying $16 Million New York Penthouse for Diplomat',"b'The full-floor apartment near the United Nations will be the residence of Antony Phillipson, the British consul general and trade commissioner for North America.'",The New York Times,News,https://www.nytimes.com/2019/03/27/world/europe/uk-new-york-penthouse-antony-phillipson.html,617,"['Great Britain', 'Midtown Area (Manhattan, NY)']","['Politics and Government', 'United States International Relations', 'Real Estate (Commercial)', 'International Trade and World Market', 'Diplomatic Service, Embassies and Consulates']"
b'\xe2\x80\x98It\xe2\x80\x99s Complete Chaos\xe2\x80\x99: Storm Frees Gators in Rio Favela Where Officials Won\xe2\x80\x99t Go',"b'A storm knocked down the walls of a farm that bred caimans, cousins of alligators, in an area controlled by a criminal paramilitary group.'",The New York Times,News,https://www.nytimes.com/2019/04/10/world/americas/brazil-rio-caimans-favela.html,683,"['Rio de Janeiro (Brazil)', 'Brazil']","['Floods', 'Crocodiles']"
"b'Lynn, Late Offense Help Rangers End Losing Skid'","b""Lance Lynn struck out nine over six solid innings, Hunter Pence homered into Chase Field's swimming pool and the Texas Rangers rallied after being no-hit for five innings to beat the Arizona Diamondbacks 5-2 Wednesday night.""",AP,News,https://www.nytimes.com/aponline/2019/04/11/sports/baseball/ap-bbo-rangers-diamondbacks-.html,636,[],[]
b'House Hunting in \xe2\x80\xa6 Bulgaria',"b'Home prices in the capital city, Sofia, have been rising for years, but now that supply is catching up to demand, the market is slowing.'",The New York Times,News,https://www.nytimes.com/2019/02/27/realestate/house-hunting-in-bulgaria.html,1298,"['Sofia (Bulgaria)', 'Bulgaria']",['Real Estate and Housing (Residential)']
b'Beto O\xe2\x80\x99Rourke\xe2\x80\x99s 2020 Campaign Raised $9.4 Million in 18 Days',"b'The fund-raising total is smaller than what Senators Bernie Sanders and Kamala Harris have revealed, but Mr. O\xe2\x80\x99Rourke only joined the presidential race in mid-March.'",The New York Times,News,https://www.nytimes.com/2019/04/03/us/politics/beto-fundraising.html,607,[],"['Presidential Election of 2020', 'Campaign Finance']"
b'These Date-and-Walnut Bars Are Food for the Gods',b'Trial and error leads to the perfect Filipino dessert.',The New York Times,News,https://www.nytimes.com/2019/04/03/magazine/date-and-walnut-bars-food-for-the-gods.html,652,['Philippines'],"['Bakeries and Baked Products', 'Dates (Fruit)', 'Food', 'Cookies']"
"b'$725,000 Homes in Connecticut, West Virginia and the District of Columbia'","b'A converted barn in Weston, a 1905 house in Charleston and a condominium in Washington.'",The New York Times,News,https://www.nytimes.com/2019/01/16/realestate/725000-homes-in-connecticut-west-virginia-and-the-district-of-columbia.html,1107,"['Weston (Conn)', 'Charleston (W Va)', 'Washington (DC)']",['Real Estate and Housing (Residential)']
b'Woman Who Alleged Rape by Ex-MSU Players Speaks Publicly',"b'A Michigan State University student who accused counseling center staff of discouraging her from reporting a 2015 rape by three men\'s basketball players said Thursday that she is no longer afraid and wants to encourage other ""silent survivors"" of ...'",AP,News,https://www.nytimes.com/aponline/2019/04/11/us/ap-bkc-michigan-st-rape-lawsuit.html,737,[],[]
"b'John Coughlin, Figure Skating Champion, Dies of Apparent Suicide After Suspension'","b'Coughlin, a two-time pairs champion, died at 33 on Friday, one day after a SafeSport investigation led to his suspension. Coughlin\xe2\x80\x99s sister said he had taken his own life.'",The New York Times,News,https://www.nytimes.com/2019/01/19/sports/john-coughlin-ice-skater-dies.html,501,[],['Figure Skating']
b'\xe2\x80\x98The Pirate Days Are Over\xe2\x80\x99: Goa\xe2\x80\x99s Nude Hippies Give Way to India\xe2\x80\x99s Yuppies',"b'As newly middle-class Indians flock to Goa\xe2\x80\x99s beaches, residents of the former countercultural enclave worry its laid-back, tolerant vibe will be disrupted by the visitors\xe2\x80\x99 more conservative mores.'",The New York Times,News,https://www.nytimes.com/2019/02/17/world/asia/goa-india-tourism.html,1209,"['Goa (India)', 'India']","['Travel and Vacations', 'Hippies', 'Economic Conditions and Trends', 'Beaches', 'Bathing Suits and Swimwear']"
b'Chop Up a Worm. It Will Regenerate. Scientists Figured Out Why.',"b'Researchers identified the master control gene that enables worms to grow a new body, capturing the imagination of some humans looking for a fresh start.'",The New York Times,News,https://www.nytimes.com/2019/03/20/science/worm-regeneration.html,689,[],"['Worms', 'DNA (Deoxyribonucleic Acid)', 'Biology and Biochemistry']"
"b'Bad Policy, Good Politics'",b'Both critics and defenders of the Green New Deal have a point.',The New York Times,Op-Ed,https://www.nytimes.com/2019/02/13/opinion/green-new-deal-democrats.html,588,[],"['Green New Deal', 'Greenhouse Gas Emissions', 'Global Warming', 'Carbon Dioxide', 'United States Politics and Government', 'Law and Legislation', 'Income Inequality']"
b'An Owner Becomes a Renter in Jersey City',"b'Figuring he can get more for his money, a homeowner sells his condo and searches the Hudson River waterfront for a gleaming rental. See if you can guess which he chose.'",The New York Times,Interactive Feature,https://www.nytimes.com/interactive/2019/04/11/realestate/11Hunt-JerseyCity.html,,"['Jersey City (NJ)', 'Edgewater (NJ)']",['Real Estate and Housing (Residential)']
b'It Took Chanel 9 Days and a Team of 150 to Build an Indoor Beach',b'The brand\xe2\x80\x99s elaborately staged ready-to-wear shows are a much-anticipated staple of the fashion calendar \xe2\x80\x94 and the latest one was especially transporting.',The New York Times,News,https://www.nytimes.com/2019/02/04/t-magazine/chanel-beach-set-paris-grand-palais.html,577,['Paris (France)'],"['Fashion and Apparel', 'Art']"
b'Simply Cooked Seafood Turns Luxurious at Taverna Kos',"b'This restaurant in Astoria, Queens, teases big flavors and lush textures out of basic ingredients.'",The New York Times,Review,https://www.nytimes.com/2019/04/04/dining/taverna-kos-review.html,775,"['Astoria (Queens, NY)']","['Restaurants', 'Greek Food (Cuisine)']"
b'A Dystopian Story About Women\xe2\x80\x99s Health Care',"b'Patricia Ione Lloyd\xe2\x80\x99s original play \xe2\x80\x9cCold Hands Warm Heart,\xe2\x80\x9d written for T\xe2\x80\x99s Culture issue.'",The New York Times,Interactive Feature,https://www.nytimes.com/interactive/2019/04/10/t-magazine/patricia-ione-lloyd-play.html,,[],"['Women and Girls', 'Watches and Clocks', 'Hospitals']"
b'Africa\xe2\x80\x99s Black Panthers Emerge From the Shadows',b'The last documented sighting of the animals on the continent was in Ethiopia in 1909. But now they\xe2\x80\x99ve been spotted in Kenya.',The New York Times,News,https://www.nytimes.com/2019/02/13/world/africa/black-panther-leopard-africa.html,655,"['Africa', 'Laikipia (Kenya)']","['Leopards', 'Endangered and Extinct Species', 'Research']"
b'Browsing Brooklyn\xe2\x80\x99s Bells and Whistles',"b""This week's Hunt subject chose among three new buildings with amenities galore. See if your choice matches his in our new interactive feature.""",The New York Times,Interactive Feature,https://www.nytimes.com/interactive/2019/04/04/realestate/04Hunt.html,,"['Downtown Brooklyn (Brooklyn, NY)', 'Brooklyn (NYC)']",['Real Estate and Housing (Residential)']
b'What Ra\xc3\xbal de Molina Can\xe2\x80\x99t Travel Without',"b'Based in Miami, the television personality flies around the world for work and frequently vacations in Hawaii with his family. Wherever he goes, he always travels with a gas mask.'",The New York Times,News,https://www.nytimes.com/2019/03/05/travel/univision-what-raul-de-molina-cant-travel-without.html,669,[],['Travel and Vacations']
b'Wedding Venues That Are Cheap for a Reason',b'Some alternatives for frugal couples.',The New York Times,Op-Ed,https://www.nytimes.com/2019/01/11/opinion/sunday/wedding-venues-humor.html,534,[],['Weddings and Engagements']
b'George Pell Sex Abuse Conviction Unsealed in Australia',"b'In December, Cardinal Pell was found guilty of sexually abusing two 13-year-old boys. But the verdict was ordered to be kept secret pending a second trial.'",The New York Times,News,https://www.nytimes.com/2019/02/25/world/australia/george-pell-catholic-church-abuse.html,738,"['Ballarat (Australia)', 'Australia']","['Priests', 'Sex Crimes', 'Child Abuse and Neglect', 'Decisions and Verdicts']"
b'11 of Our Best Weekend Reads',"b'Rustic shelters called bothies. The laundry specialist to the stars. The $238 million penthouse. A raucous English family, and more.'",The New York Times,News,https://www.nytimes.com/2019/01/26/arts/11-of-our-best-weekend-reads.html,601,[],[]
"b'At 3, He Said His Father Hurt His Mother. Decades Later, His Father Was Convicted of Murder.'","b'The son, Aaron Fraser, found his mother\xe2\x80\x99s remains while doing construction on his childhood home. On Friday, his father was found guilty of second-degree murder.'",The New York Times,News,https://www.nytimes.com/2019/04/12/us/bonnie-haim-murder.html,837,['Jacksonville (Fla)'],"['Murders, Attempted Murders and Homicides']"
b'What to Cook Right Now',b'Make Melissa Clark\xe2\x80\x99s recipe for Peruvian roasted chicken with a side of sweet potato fries.',The New York Times,News,https://www.nytimes.com/2019/01/14/dining/what-to-cook-right-now.html,631,[],['Cooking and Cookbooks']
b'$7 Million Trump Building Condo Tied to Scandal-Scarred Foreign Leader',"b'A company owned by the daughter of the Republic of Congo\xe2\x80\x99s president paid $7 million for an apartment in a Trump building overlooking Central Park, a nonprofit group found.'",The New York Times,News,https://www.nytimes.com/2019/04/10/business/trump-congo.html,923,"['Congo, Republic of (Congo-Brazzaville)']",['Corruption (Institutional)']
b'Millennials Are Putting Off Having Kids. We Already Have Two.',b'Becoming a parent before your friends have even considered it comes with a unique set of challenges.',The New York Times,News,https://www.nytimes.com/2019/03/12/style/the-edit-millennial-parents.html,753,[],"['Millennial Generation', 'Parenting']"
b'Why Do We All Have to Be Beautiful?',"b'The message of inclusivity is meant to be helpful, but it can actually do harm.'",The New York Times,Op-Ed,https://www.nytimes.com/2019/04/06/opinion/sunday/women-beauty.html,957,[],['Beauty (Concept)']
"b'Fyre Festival\xe2\x80\x99s Organizers Didn\xe2\x80\x99t Pay a Restaurant Owner, So GoFundMe Donors Stepped In'","b'With two documentaries bringing new attention to the 2017 music festival disaster, people raised more than $177,000 for a Bahamian restaurant owner who was exploited.'",The New York Times,News,https://www.nytimes.com/2019/01/22/world/americas/maryann-rolle-fyre-festival-gofundme.html,624,['Grand Exuma Island (Bahamas)'],"['Frauds and Swindling', 'Festivals', 'Music', 'Documentary Films and Programs']"
"b'Los Cabos, a Spring Break Hub, Gets a High-End Infusion'","b'Stylish venues have emerged to cater to a crowd that appreciates modern design, farm-to-table meals, and sipping drinks as opposed to drinking shots.'",The New York Times,News,https://www.nytimes.com/2019/01/01/travel/los-cabos-high-end-mexico-baja.html,1326,['Los Cabos (Mexico)'],['Travel and Vacations']
b'Frustrated at Work? That Might Just Lead to Your Next Breakthrough',b'Don\xe2\x80\x99t discount the misfits on your team.',The New York Times,News,https://www.nytimes.com/2019/03/08/smarter-living/frustrated-at-work-that-might-just-lead-to-your-next-breakthrough.html,799,[],[]
"b'The Future Is Here, Almost: Virtual Travel Becomes More of a Reality'",b'The impact virtual and augmented reality software has had on the travel industry is small but growing. Here are a few examples you may encounter before or during your next trip.',The New York Times,News,https://www.nytimes.com/2019/02/22/travel/virtual-reality-airlines-restaurants-travel.html,727,[],"['Travel and Vacations', 'Mobile Applications', 'Smartphones', 'Augmented Reality (Computers)']"
b'Winning the War on Poverty',b'The Canadians are doing it; we\xe2\x80\x99re not.',The New York Times,Op-Ed,https://www.nytimes.com/2019/04/04/opinion/canada-poverty-record.html,896,"['Canada', 'United States']","['Poverty', 'Politics and Government', 'Minimum Wage', 'Food Banks and Pantries']"
"b'Watch Video of Type D Killer Whales, Rarely Seen by Humans'","b'Scientists have collected skin samples from the unusual orcas, which could help determine whether they are a distinct cetacean species.'",The New York Times,News,https://www.nytimes.com/2019/03/07/science/type-d-killer-whale.html,777,"['Antarctic Regions', 'South America', 'Cape Horn', 'New Zealand']","['Dolphins and Porpoises', 'Whales and Whaling', 'Fish and Other Marine Life', 'Oceans and Seas', 'Research', 'your-feed-science']"
b'Cook Without a Recipe!',b'We\xe2\x80\x99ve built an entire section around improvising in the kitchen.',The New York Times,News,https://www.nytimes.com/2019/02/13/dining/you-dont-need-a-recipe.html,712,[],['Cooking and Cookbooks']
b'What Rural America Has to Teach Us',b'Civic service as a way of life.',The New York Times,Op-Ed,https://www.nytimes.com/2019/03/21/opinion/nebraska-rural-america.html,893,"['Nebraska', 'McCook (Neb)', 'Grand Island (Neb)']","['Rural Areas', 'Volunteers and Community Service', 'Education (K-12)', 'Agriculture and Farming']"
b'The Good-Enough Life',b'The desire for greatness can be an obstacle to our own potential.',The New York Times,Op-Ed,https://www.nytimes.com/2019/02/20/opinion/the-good-enough-life-philosophy.html,869,[],"['Philosophy', 'Buddhism', 'Psychology and Psychologists']"
b'Going Rogue With Marilyn Stasio',"b'This week\xe2\x80\x99s Crime column features novels about bad-boy cops and suburban serial killers, then offers an escape to scenic Provence.'",The New York Times,News,https://www.nytimes.com/2019/03/15/books/review/new-crime-fiction.html,825,[],['Books and Literature']
"b'$1.1 Million Homes in California, Florida and New York'","b'A midcentury-modernist house in Los Angeles, a cottage on a lagoon in Sarasota and a six-family retreat in the Hudson Valley.'",The New York Times,News,https://www.nytimes.com/2019/04/10/realestate/1-1-million-homes-in-california-florida-and-new-york.html,1040,"['Gallatin (NY)', 'Los Angeles (Calif)', 'Sarasota (Fla)']",['Real Estate and Housing (Residential)']
"b'Her Autistic Twins Raise a Ruckus, but They\xe2\x80\x99re Also \xe2\x80\x98My Joy in Life\xe2\x80\x99'","b'Caring for two 6-year-olds with special needs has been a challenge, but assistance has helped Teisha Waterman keep going.'",The New York Times,News,https://www.nytimes.com/2019/01/12/neediest-cases/her-autistic-twins-raise-a-ruckus-but-theyre-also-my-joy-in-life.html,687,[],[]
b'Beaked Whales Are the Deepest Divers',b'Cuvier\xe2\x80\x99s beaked whales off Cape Hatteras dive farther and stay underwater longer than any other marine mammal.',The New York Times,News,https://www.nytimes.com/2019/02/07/science/beaked-whales-dive.html,791,[],"['Whales and Whaling', 'Sonar', 'Diving and Divers', 'your-feed-science']"
b'Arab Raid Led to Freedom for American Hostage in Yemen',"b'Danny Lavone Burch, who worked for an oil company in Yemen, was rescued last week in an operation led by the United Arab Emirates with help from the United States.'",The New York Times,News,https://www.nytimes.com/2019/03/06/world/middleeast/american-hostage-yemen.html,948,['Yemen'],"['Kidnapping and Hostages', 'United States International Relations', 'Terrorism', 'United States Politics and Government', 'Rescues', 'United States Defense and Military Forces']"
b'This Is the Truth About Vaccines',b'Deadly diseases that should be seen only in history books are showing up in our emergency rooms.',The New York Times,Op-Ed,https://www.nytimes.com/2019/03/06/opinion/vaccines-autism-flu.html,857,[],"['Vaccination and Immunization', 'Measles', 'Influenza', 'Hepatitis', 'Autism', 'Meningitis', 'Children and Childhood']"
b'\xe2\x80\x98Glass\xe2\x80\x99: 5 Things That Left Us Scratching Our Heads',"b'M. Night Shyamalan\xe2\x80\x99s latest film left a lot of lingering questions, not least of which was: Why did it feel so anticlimactic?'",The New York Times,News,https://www.nytimes.com/2019/01/23/movies/glass-shyamalan-problems.html,798,[],['Movies']
b'The \xe2\x80\x98Winter Friday\xe2\x80\x99 Off Is Now a Thing',b'Three-day weekends are an antidote to seasonal doldrums and workaholism.',The New York Times,News,https://www.nytimes.com/2019/02/01/style/winter-fridays.html,738,[],"['Paid Time Off', 'Winter (Season)', 'Work-Life Balance', 'Working Hours', 'your-feed-selfcare']"
b'ISIS Is Like a Chronic Disease',b'It can be managed but never really cured.',The New York Times,Op-Ed,https://www.nytimes.com/2019/03/25/opinion/islamic-state-defeated.html,1013,"['Afghanistan', 'Baghuz (Syria)', 'Damascus (Syria)', 'Syria', 'Iraq']","['Terrorism', 'Muslims and Islam', 'Politics and Government', 'Afghanistan War (2001- )']"
b'The Best Type of Exercise to Burn Fat',"b'A few minutes of brief, intense exercise may be as effective, or more effective, for incinerating body fat than walking, jogging, swimming or cycling for lengthier periods.'",The New York Times,News,https://www.nytimes.com/2019/02/27/well/move/the-best-type-of-exercise-to-burn-fat.html,877,[],"['Exercise', 'Weight']"
b'Orca Calf Offers Hope for a Fading Group in the Pacific Northwest',"b'The newborn killer whale, called L124, looks healthy. But its family is still in danger of extinction.'",The New York Times,News,https://www.nytimes.com/2019/01/17/science/orca-calf-seattle.html,804,"['Puget Sound', 'Washington (State)']","['Whales and Whaling', 'Research', 'Biology and Biochemistry', 'Endangered and Extinct Species']"
"b'At an Arizona Ranch, Desert Beauty with a Side of Border Politics'",b'The fence along the Mexican border was once such a deterrent to visitors that it helped drive Rancho de la Osa out of business. Now the barrier is an attraction for the dude ranch.',The New York Times,News,https://www.nytimes.com/2019/03/08/travel/mexico-border-arizona-rancho-de-la-osa.html,949,"['Arizona', 'Mexico']","['Border Barriers', 'Travel and Vacations']"
b'New Hampshire Women Lose State Supreme Court Battle to Go Topless',"b'In a 3-2 ruling, the justices ruled that a city ordinance barring women from showing their nipples was not a form of discrimination based on gender.'",The New York Times,News,https://www.nytimes.com/2019/02/10/us/new-hampshire-free-the-nipple.html,887,['New Hampshire'],"['Women and Girls', 'Nudism and Nudity', 'Beaches']"
"b'$450,000 Homes in Ohio, Massachusetts and North Carolina'","b'An 1886 Victorian in Cincinnati, a two-bedroom condominium in an antique house in Marblehead and an updated home in a Chapel Hill subdivision.'",The New York Times,News,https://www.nytimes.com/2019/01/09/realestate/450000-homes-in-ohio-massachusetts-and-north-carolina.html,813,"['Chapel Hill (NC)', 'Marblehead (Mass)', 'Cincinnati (Ohio)']",['Real Estate and Housing (Residential)']
b'The Rich Didn\xe2\x80\x99t Always Need $238 Million Penthouses',"b'Wealthy Americans, like Ken Griffin, who bought a 24,000-square-foot apartment on Central Park, weren\xe2\x80\x99t always obsessed with larger-than-fantasy real estate.'",The New York Times,News,https://www.nytimes.com/2019/01/26/nyregion/ken-griffin-238-million-penthouse.html,926,['Manhattan (NYC)'],['Real Estate and Housing (Residential)']
b'\xe2\x80\x98China\xe2\x80\x99s Manhattan\xe2\x80\x99 Borrowed Heavily. The People Have Yet to Arrive.',b'A largely empty urban district struggling with billions of dollars in debt demonstrates the breakdown of the Chinese economic growth model.',The New York Times,News,https://www.nytimes.com/2019/04/10/business/china-economy-debt-tianjin.html,1166,"['China', 'Tianjin (China)']","['Economic Conditions and Trends', 'Credit and Debt', 'Local Government', 'Building (Construction)', 'Real Estate (Commercial)', 'Real Estate and Housing (Residential)']"
b'When the Benefits of Statins Outweigh the Risks',"b'Knowing the odds of side effects and making sure to get periodic checkups that would pick up an adverse reaction, I chose to focus on the drugs\xe2\x80\x99 potential benefits.'",The New York Times,News,https://www.nytimes.com/2019/03/18/well/live/when-the-benefits-of-statins-outweigh-the-risks.html,1093,[],"['Cholesterol', 'Statins (Cholesterol-Lowering Drugs)', 'Heart', 'Drugs (Pharmaceuticals)', 'Diet and Nutrition', ""Alzheimer's Disease""]"
b'The Rise of Halal Tourism',"b'Muslims now make up one of the fastest-growing segments of the global travel industry. In response, hotels and tour operators are increasingly trying to meet their dietary and religious needs.'",The New York Times,News,https://www.nytimes.com/2019/01/18/travel/the-rise-of-halal-tourism.html,906,[],"['Travel and Vacations', 'Muslims and Islam']"
b'The Mother Who Wants to Put Air Pollution on Her Daughter\xe2\x80\x99s Death Certificate',b'Millions die each year from dirty air. The trauma of a 9-year-old London girl may bring the dangers home.',The New York Times,Op-Ed,https://www.nytimes.com/2019/02/13/opinion/ella-kissi-debrah-pollution-london.html,943,['London (England)'],"['Air Pollution', 'Diesel Power', 'Regulation and Deregulation of Industry']"
b'Isn\xe2\x80\x99t Goa Style a Bikini? Not According to a New Museum',b'The Indian designer Wendell Rodricks is readying the attraction to open in December.',International New York Times,News,https://www.nytimes.com/2019/03/30/fashion/museum-costume-goa-india.html,1160,['Goa (India)'],"['Fashion and Apparel', 'Museums', 'your-feed-fashion']"
"b'$1.5 Million Homes in New Jersey, Florida and Washington'","b'An 1885 estate in Montclair, a 1925 Mediterranean-style house in Tampa and a custom-built Craftsman in Spokane.'",The New York Times,News,https://www.nytimes.com/2019/03/06/realestate/1-5-million-homes-in-new-jersey-florida-and-washington.html,1104,"['Montclair (NJ)', 'Tampa (Fla)', 'Spokane (Wash)']",['Real Estate and Housing (Residential)']
b'How Exercise May Help Keep Our Memory Sharp',"b'Irisin, a hormone that is released during exercise, may improve brain health and lessen the damage that occurs during Alzheimer\xe2\x80\x99s disease.'",The New York Times,News,https://www.nytimes.com/2019/01/16/well/move/exercise-brain-memory-irisin-alzheimer-dementia.html,913,[],"['Animal Cognition', ""Alzheimer's Disease"", 'Exercise', 'Brain', 'Memory', 'Dementia', 'Hormones']"
"b'Review: This \xe2\x80\x98Daddy\xe2\x80\x99 Has Issues. A Pool and Alan Cumming, Too.'","b'Jeremy O. Harris, the author of \xe2\x80\x9cSlave Play,\xe2\x80\x9d has written another sexually and racially charged work, but one that ends up overwrought.'",The New York Times,Review,https://www.nytimes.com/2019/03/05/theater/review-jeremy-o-harris-daddy.html,1124,[],['Theater']
b'You Should Meditate Every Day',"b'Sure, it\xe2\x80\x99s become a wellness fad. But it\xe2\x80\x99s the best way I\xe2\x80\x99ve found to keep digital monsters at bay. '",The New York Times,Op-Ed,https://www.nytimes.com/2019/01/09/opinion/meditation-internet.html,828,[],"['Computers and the Internet', 'Meditation', 'New Year']"
"b'Michigan State Discouraged Reporting of Rape Allegation Against Athletes, Woman Says'",b'A woman who accused three basketball players and sued the university speaks publicly about her case for the first time.',The New York Times,News,https://www.nytimes.com/2019/04/10/sports/michigan-state-rape.html,1259,['Michigan'],"['Title IX (Gender Discrimination Legislation)', 'Colleges and Universities', 'Basketball (College)', 'Sex Crimes']"
"b'Across Australia, Yet Another Scorching Summer'","b'Australia\xe2\x80\x99s heat waves, now an annual ordeal, have been expanding into new territory \xe2\x80\x94 like Tasmania, where more than 50 wildfires were burning as of Friday.'",The New York Times,News,https://www.nytimes.com/2019/01/25/world/australia/heat-wave-horses.html,991,"['Australia', 'Melbourne (Australia)', 'Tasmania (Australia)', 'Adelaide (Australia)']","['Wildfires', 'Weather']"
b'The Secret Sushi Bar on the 10th Floor',"b'A controversial chef has created a sort of sushi speakeasy in a hotel room. It\xe2\x80\x99s not easy to get a reservation. For one thing, there are only four seats at the bar.'",The New York Times,News,https://www.nytimes.com/2019/01/25/nyregion/david-bouhadana-sushi.html,1010,"['NoMad (Manhattan, NY)']",['Sushi']
"b'Bangkok\xe2\x80\x99s First Biennale: Politics, Temples and Sex'",b'The city\xe2\x80\x99s inaugural event has pushed the boundaries of censorship and what constitutes art \xe2\x80\x94 and how and where to display it.',The New York Times,Op-Ed,https://www.nytimes.com/2019/01/14/opinion/bangkok-biennale.html,1012,['Bangkok (Thailand)'],"['Art', 'Travel and Vacations']"
"b'Li Xueqin, Key Historian in China\xe2\x80\x99s Embrace of Antiquity, Dies at 85'",b'Mr. Li walked a fine line between scholarship and serving the Communist Party as he sought the truth about his country\xe2\x80\x99s distant past.',The New York Times,Obituary (Obit),https://www.nytimes.com/2019/03/01/obituaries/li-xueqin-dead.html,1187,['China'],"['Deaths (Obituaries)', 'Cultural Revolution', 'History (Academic Subject)', 'Archaeology and Anthropology']"
"b'Julie Adams, Seized by Creature in \xe2\x80\x98Black Lagoon,\xe2\x80\x99 Dies at 92'","b'Her Hollywood career stretched across six decades, but it was her 1954 role as the love interest of a reptilian monster that gave her lasting fame.'",The New York Times,Obituary (Obit),https://www.nytimes.com/2019/02/04/obituaries/julie-adams-dead.html,1108,[],"['Actors and Actresses', 'Movies', 'Television', 'Deaths (Obituaries)']"
"b'Bonaire: Where Coral and Cactus Thrive, and the Sea Soothes the Soul'","b'In a dying reef world, the writer explores the underwater bliss of a little Caribbean island that is showing the world just how to save coral.'",The New York Times,News,https://www.nytimes.com/2019/02/18/travel/coral-reef-bonaire.html,2525,['Bonaire'],"['Reefs', 'Coral', 'Travel and Vacations']"
b'When Parents Don\xe2\x80\x99t Vaccinate Their Children',"b'As cases of measles resurface, readers discuss the risks posed by \xe2\x80\x9canti-vaxxers\xe2\x80\x9d while others explain their hesitation.'",The New York Times,Letter,https://www.nytimes.com/2019/03/12/opinion/letters/vaccinations.html,1306,[],"['Vaccination and Immunization', 'Children and Childhood']"
b'In Search of Lost Screen Time',"b'Imagine what we could do with our money, and hours, if we set our phones aside for a year.'",The New York Times,Op-Ed,https://www.nytimes.com/2018/12/31/opinion/smartphones-screen-time.html,1012,[],"['Smartphones', 'Social Media']"
b'Cardinal George Pell of Australia Sentenced to Six Years in Prison',"b'The 77-year-old cardinal, once an adviser to Pope Francis, was sentenced to six years in prison by a Melbourne court on Wednesday morning.'",The New York Times,News,https://www.nytimes.com/2019/03/12/world/australia/george-pell-sentence.html,1293,"['Australia', 'Melbourne (Australia)', 'Ballarat (Australia)']","['Priests', 'Sex Crimes', 'Child Abuse and Neglect']"
"b'$1.3 Million Homes in Louisiana, New York and California'","b'A 1906 home in New Orleans, a colonial in East Hampton and a ranch-style house in Santa Cruz.'",The New York Times,News,https://www.nytimes.com/2019/01/23/realestate/1-3-million-homes-in-louisiana-new-york-and-california.html,1100,"['East Hampton (NY)', 'New Orleans (La)', 'Santa Cruz (Calif)']",['Real Estate and Housing (Residential)']
b'Walking the Fashion High Wire',"b'Acrobats at Dior, springtime marvels at Chanel and fantastic creatures at Iris van Herpen; the circus comes to Paris, and to us all.'",International New York Times,Review,https://www.nytimes.com/2019/01/22/fashion/dior-chanel-couture-paris.html,1072,[],"['Fashion and Apparel', 'Couture Fashion Week', 'your-feed-fashion']"
b'Skating Is Familiar With Scandal. Now It Is Confronting Something Grimmer.',"b'John Coughlin, who had been a competitor, coach and commentator, was under investigation for sexual misconduct when he apparently committed suicide last week.'",The New York Times,News,https://www.nytimes.com/2019/01/21/sports/coughlin-figure-skating.html,1156,[],"['Figure Skating', 'Sexual Harassment', 'Sex Crimes', 'Suicides and Suicide Attempts']"
"b'$1.3 Million Homes in Connecticut, Arizona and Oregon'","b'A 1904 Arts and Crafts estate in Stamford, a mountainside house in Tucson and a 1924 bungalow in Portland.'",The New York Times,News,https://www.nytimes.com/2019/03/27/realestate/1-3-million-homes-in-connecticut-arizona-and-oregon.html,1307,"['Tucson (Ariz)', 'Portland (Ore)', 'Stamford (Conn)']",['Real Estate and Housing (Residential)']
"b'Dorm Fire Kills 10 Young Players in Brazil, Sending Shudder Through Soccer World'","b'The blaze broke out in the early morning at a training center in Rio de Janeiro for teenage players at Flamengo, one of the most famous clubs.'",The New York Times,News,https://www.nytimes.com/2019/02/08/world/americas/fire-brazil-flamengo-soccer.html,1210,"['Rio de Janeiro (Brazil)', 'Brazil']","['Soccer', 'Fires and Firefighters', 'Deaths (Fatalities)', 'Dormitories']"
b'Who is \xe2\x80\x98Fnu Lnu\xe2\x80\x99?',"b'Friday: When suspects are charged but their identity is unknown, they are often listed in court records as \xe2\x80\x9cFnu Lnu.\xe2\x80\x9d'",The New York Times,briefing,https://www.nytimes.com/2019/04/12/nyregion/newyorktoday/nyc-news-fnu-lnu-unidentified-defendants.html,1426,['New York City'],"['Courts and the Judiciary', 'Crime and Criminals', 'Animals']"
"b'In San Francisco, Making a Living From Your Billionaire Neighbor\xe2\x80\x99s Trash'","b'In a city swollen by the wealth of the tech industry, the rich and poor live very separate lives. But sometimes they connect through the garbage.'",The New York Times,News,https://www.nytimes.com/2019/04/07/us/trash-pickers-san-francisco-zuckerberg.html,1426,['San Francisco (Calif)'],"['Waste Materials and Disposal', 'High Net Worth Individuals', 'Real Estate and Housing (Residential)', 'Homeless Persons']"
b'The Eternal Treadmill of Fitness Trends: From Hot Pants to Hot Mess',"b'New year, same resolution.'",The New York Times,News,https://www.nytimes.com/2019/01/09/style/vintage-fitness-trends-photos.html,1064,[],"['Exercise', 'Women and Girls']"
b'How to Tap Less on Your Phone (but Get More Done)',b'Most of us spend hours each day tapping the glass of our smartphones. But what if you could do just as much \xe2\x80\x94 maybe more \xe2\x80\x94 and give your fingers a break?',The New York Times,News,https://www.nytimes.com/2019/04/04/smarter-living/tap-less-phone-voice-assistant-shortcuts.html,1383,[],"['Smartphones', 'Mobile Applications', 'Computers and the Internet', 'Android (Operating System)', 'iPhone']"
b'House Hunting in \xe2\x80\xa6 Italy',"b'The southeastern region of Apulia, known for its unusual conical structures, has become one of Italy\xe2\x80\x99s most popular markets for second homes.'",The New York Times,News,https://www.nytimes.com/2019/02/20/realestate/house-hunting-in-italy.html,1277,"['Apulia (Italy)', 'Italy']",['Real Estate and Housing (Residential)']
"b'Fyre Festival, Theranos and Our Never-Ending \xe2\x80\x98Scam Season\xe2\x80\x99'","b'The conditions that produced Billy McFarland, Anna Delvey and Elizabeth Holmes show no signs of abating.'",The New York Times,News,https://www.nytimes.com/2019/01/30/arts/fyre-festival-billy-mcfarland-elizabeth-holmes-anna-delvey.html,1219,[],"['Frauds and Swindling', 'Social Media', 'Entrepreneurship', 'Millennial Generation', 'Youth']"
b'House Hunting in \xe2\x80\xa6 Honduras',"b'Roatan, the largest of the country\xe2\x80\x99s Bay Islands, has been slow to recover from the 2008 global downturn, resulting in a buyer\xe2\x80\x99s market.'",The New York Times,News,https://www.nytimes.com/2019/03/13/realestate/house-hunting-in-honduras.html,1322,"['Honduras', 'Roatan (Honduras)', 'Bay Islands (Honduras)']",['Real Estate and Housing (Residential)']
b'What to Eat and Where to See Roman Monuments in N\xc3\xaemes',b'The French city has some of the most pristine ancient architecture in Europe \xe2\x80\x94 and newer signs of life as well.',The New York Times,News,https://www.nytimes.com/2019/03/15/t-magazine/nimes-france-travel-guide.html,1251,['France'],"['Art', 'Restaurants', 'Architecture', 'Travel and Vacations', 'Roman Civilization', 'Museums']"
b'Caroline Elton Helps Doctors Heal Themselves',b'The psychologist counsels doctors who are suffering even as they tend to the needs of others.',The New York Times,News,https://www.nytimes.com/2019/01/28/health/caroline-elton-helps-doctors-heal-themselves.html,1205,[],"['Psychology and Psychologists', 'Doctors', 'Depression (Mental)', 'Mental Health and Disorders', 'Labor and Jobs', 'your-feed-science']"
b'Former Sears Complex Returns as a Beacon in a Chicago Neighborhood',"b'The North Lawndale headquarters, a source of pride to residents before the retailer moved downtown, has slowly been redeveloped after years of sitting vacant.'",The New York Times,News,https://www.nytimes.com/2019/03/12/business/sears-chicago-homan-square.html,1353,['Chicago (Ill)'],"['Area Planning and Renewal', 'Restoration and Renovation', 'Affordable Housing', 'Historic Buildings and Sites']"
"b'All Talk, Little Action: What to Expect on Tax Policy This Year'",b'Don\xe2\x80\x99t count on big changes. But the heated debates in Congress and on the 2020 campaign trail give clues about legislation to come.',The New York Times,News,https://www.nytimes.com/2019/02/15/business/new-tax-law-changes.html,1335,[],"['Tax Credits, Deductions and Exemptions', 'Federal Taxes (US)', 'United States Politics and Government', 'Taxation', 'Income Tax', 'Capital Gains Tax']"
b'House Hunting in \xe2\x80\xa6 Spain',"b'Foreign buyers have long flocked to the island of Majorca, but market forces and global politics are changing where those buyers are coming from.'",The New York Times,News,https://www.nytimes.com/2019/02/06/realestate/house-hunting-in-spain.html,1246,"['Spain', 'Majorca (Spain)']",['Real Estate and Housing (Residential)']
"b'In Iceland, Watchmaking With a Sense of Humor'",b'JS Watch Company puts some personality into its advertising and its timepieces.',International New York Times,News,https://www.nytimes.com/2019/01/14/fashion/watches-iceland-js-watch-company.html,1133,['Reykjavik (Iceland)'],['Watches and Clocks']
b'Quick Tips for a Cleaner Wristwatch',b'There are simple things to do at home that should keep more costly repair visits to a minimum.',International New York Times,News,https://www.nytimes.com/2019/03/20/fashion/watches-cleaning-repairs.html,1423,[],"['Watches and Clocks', 'Luxury Goods and Services', 'your-feed-fashion']"
"b'South of the Wall, North of the Border: Life in Texas\xe2\x80\x99 No Man\xe2\x80\x99s Land'","b'Along the Rio Grande, the border fence may be a mile or more from the river, leaving some American homes and jobs in an isolated buffer zone.'",The New York Times,News,https://www.nytimes.com/2019/03/27/us/border-wall-texas-no-mans-land.html,1621,"['Brownsville (Tex)', 'Rio Grande River', 'Rio Grande Valley (Tex)', 'Texas', 'Mexico']","['Border Barriers', 'United States Politics and Government']"
b'The Gay Penguins of Australia',b'Two male penguins are raising a baby whose gender is unknown.',The New York Times,News,https://www.nytimes.com/2019/01/15/style/gay-penguins-australia.html,1317,"['Sydney (Australia)', 'Australia']","['Penguins', 'Animal Behavior', 'Homosexuality and Bisexuality', 'your-feed-selfcare']"
b'Pentagon Pushes for Weaker Standards on Chemicals Contaminating Drinking Water',"b'The Defense Department is pitted against the E.P.A. in a dispute over how aggressively to clean up contaminated sites, including military bases.'",The New York Times,News,https://www.nytimes.com/2019/03/14/us/politics/chemical-standards-water-epa-pentagon.html,1598,[],"['Water Pollution', 'United States Defense and Military Forces', 'Hazardous and Toxic Substances', 'United States Politics and Government', 'Military Bases and Installations']"
"b'Frank Cali, the Slain Gambino Boss, Was a \xe2\x80\x98Ghost\xe2\x80\x99 Who Avoided the Limelight'","b'Known as Frank, Mr. Cali kept a low profile, yet he met the same bloody fate as many of his predecessors on Wednesday, gunned down in the street.'",The New York Times,News,https://www.nytimes.com/2019/03/14/nyregion/frank-cali-dead-gambino.html,1519,"['Staten Island (NYC)', 'Italy']","['Organized Crime', 'Murders, Attempted Murders and Homicides']"
b'House Hunting in \xe2\x80\xa6 Turkey',"b'Despite a drop in the Turkish lira, the fashionable Bodrum Peninsula has retained its appeal for wealthy Turks, as well as a new wave of international buyers. '",The New York Times,News,https://www.nytimes.com/2019/01/09/realestate/house-hunting-in-turkey.html,1188,"['Turkey', 'Bodrum (Turkey)']",['Real Estate and Housing (Residential)']
b'Michael Cohen\xe2\x80\x99s Prison of Choice: Well-Known to Jewish Offenders',"b'For Jewish white-collar offenders, \xe2\x80\x9cthe closest thing you have to nirvana in a federal prison\xe2\x80\x9d is a detention camp in upstate New York.'",The New York Times,News,https://www.nytimes.com/2019/01/22/nyregion/michael-cohen-otisville-prison.html,1291,['Otisville (NY)'],"['Prisons and Prisoners', 'Jews and Judaism']"
b'Does Paris Still Have the Ugliest Opera House in Europe?',"b'The Op\xc3\xa9ra Bastille, which turns 30 this year, has been mocked for virtually all of its existence.'",The New York Times,News,https://www.nytimes.com/2019/02/08/arts/music/paris-opera-bastille-anniversary.html,1575,['Paris (France)'],"['Opera', 'Architecture']"
"b'The Playlist: Ariana Grande\xe2\x80\x99s Next Step, and 12 More New Songs'","b'Hear tracks by Kim Petras, Khalid, the Japanese House, Quando Rondo and others.'",The New York Times,News,https://www.nytimes.com/2019/02/08/arts/music/playlist-ariana-grande-khalid-kim-petras-lil-aaron.html,1396,[],"['Rap and Hip-Hop', 'Pop and Rock Music', 'Jazz']"
b'Warning! Everything Is Going Deep: \xe2\x80\x98The Age of Surveillance Capitalism\xe2\x80\x99',"b'Deep learning, deep insights, deep artificial minds \xe2\x80\x94 the list goes on and on. But with unprecedented promise comes some unprecedented peril.'",The New York Times,Op-Ed,https://www.nytimes.com/2019/01/29/opinion/artificial-intelligence-surveillance.html,1472,[],"['Artificial Intelligence', 'United States Politics and Government', 'Regulation and Deregulation of Industry']"
b'House Hunting in \xe2\x80\xa6 South Africa',"b'In and around the port city of Durban, developers, investors and homeowners are increasingly lured by estate communities and beachfront homes.'",The New York Times,News,https://www.nytimes.com/2019/01/02/realestate/house-hunting-in-south-africa.html,1257,"['South Africa', 'Durban (South Africa)', 'Africa']",['Real Estate and Housing (Residential)']
b'Reindeer Powder and Arctic Turnip Crepes: Helsinki\xe2\x80\x99s New Food Scene',"b'Local ingredients, including that most Nordic of fruits, the lingonberry, show up in creative combinations as the Finns join the restaurant revolution.'",The New York Times,News,https://www.nytimes.com/2019/03/15/travel/helsinki-restaurants.html,1917,['Helsinki (Finland)'],"['Restaurants', 'Travel and Vacations']"
"b'When Uber and Airbnb Go Public, San Francisco Will Drown in Millionaires'","b'Uber, Lyft, Airbnb and Pinterest plan to go public. California\xe2\x80\x99s newly minted rich will be hungry for parties, houses, boats, bikes \xe2\x80\x94 and ice sculptures. Here comes the big one!'",The New York Times,News,https://www.nytimes.com/2019/03/07/style/uber-ipo-san-francisco-rich.html,1736,['San Francisco (Calif)'],"['Initial Public Offerings', 'High Net Worth Individuals', 'Real Estate and Housing (Residential)', 'Computers and the Internet']"
b'These Whales Are Serenaders of the Seas. It\xe2\x80\x99s Quite a Racket.',"b'Why do whales sing? Scientists still aren\xe2\x80\x99t certain, and maybe the whales aren\xe2\x80\x99t, either. '",The New York Times,News,https://www.nytimes.com/2019/01/07/science/whales-songs-acoustics.html,1481,[],"['Whales and Whaling', 'Animal Behavior', 'Research', 'Music', 'Acoustics', 'Oceans and Seas']"
b'36 Hours in Scottsdale',"b'Midcentury design tours, locavore meals and hikes in the countryside are among the many diversions for weekend visitors.'",The New York Times,News,https://www.nytimes.com/2019/01/17/travel/what-to-do-in-scottsdale.html,1550,['Scottsdale (Ariz)'],['Travel and Vacations']
b'All Souls Trilogy: Harry Potter for Grown-Ups?',"b'Deborah Harkness\xe2\x80\x99s best-selling series \xe2\x80\x94 brimming with magic, time travel and witches \xe2\x80\x94 has spawned an avid fan base, an annual convention, and now, a splashy TV adaptation.'",The New York Times,News,https://www.nytimes.com/2019/01/17/books/deborah-harkness-discovery-of-witches-all-souls-trilogy.html,1678,[],"['Writing and Writers', 'Books and Literature', 'Television']"
"b'Henry J. Stern, Whose Vast Urban Domain Was Green, Is Dead at 83'","b'Only Robert Moses surpassed Mr. Stern, New York City\xe2\x80\x99s longtime parks commissioner, in ensuring that a teeming population had places to breathe.'",The New York Times,Obituary (Obit),https://www.nytimes.com/2019/03/28/obituaries/henry-j-stern-dead.html,1854,"['Central Park (Manhattan, NY)', 'New York City']","['Deaths (Obituaries)', 'Politics and Government']"
"b'Wanted: A Nice Dinner Place for a Maine Island With a Long, Hungry Winter '","b'On Vinalhaven, where year-round dining choices are few, residents are mourning the closing of their beloved Salt, and hoping for a replacement.'",The New York Times,News,https://www.nytimes.com/2019/01/14/dining/vinalhaven-maine-island-year-round-restaurant.html,1593,['Vinalhaven (Me)'],"['Restaurants', 'Winter (Season)', 'Shutdowns (Institutional)']"
"b'Deported and 9,000 Miles Apart, but \xe2\x80\x98You Stay With the Person You Love\xe2\x80\x99'","b'Chuh A and Rex Ny, both Montagnards, have fought for their relationship since his deportation, pushing back against physical separation and 12-hour time difference.'",The New York Times,News,https://www.nytimes.com/2019/02/15/fashion/weddings/deported-and-9000-miles-apart-but-you-stay-with-the-person-you-love.html,1656,['Vietnam'],"['Weddings and Engagements', 'Immigration and Emigration', 'Deportation']"
b'36 Hours in San Juan',"b'Puerto Rico\xe2\x80\x99s capital is open for business, welcoming visitors with its winning combination of lovely beaches, energetic night life and gregarious island charm.'",The New York Times,News,https://www.nytimes.com/2019/02/07/travel/what-to-do-in-san-juan.html,1676,"['Puerto Rico', 'San Juan (Puerto Rico)', 'Caribbean Area']",['Travel and Vacations']
b'Germs in Your Gut Are Talking to Your Brain. Scientists Want to Know What They\xe2\x80\x99re Saying.',"b'The body\xe2\x80\x99s microbial community may influence the brain and behavior, perhaps even playing a role in dementia, autism and other disorders.'",The New York Times,News,https://www.nytimes.com/2019/01/28/health/microbiome-brain-behavior-dementia.html,1854,[],"['Microbiology', 'Brain', ""Alzheimer's Disease"", 'Digestive Tract', 'Bacteria', 'Epilepsy', 'Antibiotics', 'Emotions', 'Diet and Nutrition', 'Dementia', 'Mental Health and Disorders', 'Autism', 'Probiotics', 'your-feed-science']"
b'\xe2\x80\x98It Has Stuck With Me 35 Years\xe2\x80\x99: 11 Childhood Memories of Blackface and Other Racist Incidents',b'Readers reveal racist behavior they committed or witnessed as children and reflect on how it affects them today.',The New York Times,News,https://www.nytimes.com/2019/02/23/reader-center/memories-of-blackface.html,1900,[],"['Race and Ethnicity', 'Discrimination', 'Children and Childhood', 'Blacks', 'Education (K-12)']"
b'36 Hours in Miami and Miami Beach',"b'From South Beach to Little Haiti and beyond, the metropolitan Miami area has plenty to offer everyone from beachgoers and music lovers to gallery hoppers and foodies.'",The New York Times,News,https://www.nytimes.com/2019/02/14/travel/what-to-do-in-miami.html,1877,"['Miami (Fla)', 'Miami Beach (Fla)']","['Travel and Vacations', 'Bars and Nightclubs', 'Restaurants']"
b'Racist? Fair? Biased? Asian-American Alumni Debate Elite High School Admissions',"b'When it comes to integration at New York City\xe2\x80\x99s most competitive high schools, Asian-American alumni have many different reactions.'",The New York Times,News,https://www.nytimes.com/2019/02/06/nyregion/nyc-specialized-high-school-test.html,1889,"['New York City', 'Brooklyn (NYC)']","['Education (Secondary)', 'Tests and Examinations', 'Admissions Standards', 'Asian-Americans', 'Blacks', 'Hispanic-Americans']"
b'Karen O and Danger Mouse Made an Album. It Only Took 11 Years.',b'Karen O of the rock band Yeah Yeah Yeahs turned 40 and stared down a midlife crisis. Now she\xe2\x80\x99s on a \xe2\x80\x9cvision quest\xe2\x80\x9d with the producer Danger Mouse.',The New York Times,News,https://www.nytimes.com/2019/03/06/arts/music/karen-o-danger-mouse-lux-prima.html,2048,[],['Pop and Rock Music']
b'Case of Mistaken Identity (He Wasn\xe2\x80\x99t a Con Man)',"b'A great first date. Love poems ensued. But after she saw a background check on him, a second date was abruptly canceled.'",The New York Times,News,https://www.nytimes.com/2019/02/01/fashion/weddings/case-of-mistaken-identity-he-wasnt-a-con-man.html,1859,[],['Weddings and Engagements']
b'How Amy Klobuchar Treats Her Staff',b'Interviews with more than two dozen former staff members and internal emails reviewed by The Times reveal demeaning and unusual behavior by Ms. Klobuchar toward her subordinates.',The New York Times,News,https://www.nytimes.com/2019/02/22/us/politics/amy-klobuchar-staff.html,2058,['Minnesota'],"['Presidential Election of 2020', 'United States Politics and Government', 'Workplace Environment', 'Hiring and Promotion']"
"b'Buying Abroad, With a Logo'","b'A growing number of home buyers are choosing to live in corporate-branded communities, with companies from Marriott to Porsche ready to greet them.'",The New York Times,News,https://www.nytimes.com/2019/02/22/realestate/buying-abroad-with-a-logo.html,2140,"['Nevis', 'Puerto Rico']",['Real Estate and Housing (Residential)']
b'A Princess Vanishes. A Video Offers Alarming Clues.',"b'The adult daughter of Dubai\xe2\x80\x99s ruler tried to escape a life of stultifying restrictions. She was captured at sea, forcibly taken back, and has not been heard from since.'",The New York Times,News,https://www.nytimes.com/2019/02/10/world/middleeast/princess-latifa-sheikha-dubai.html,1979,['Dubai (United Arab Emirates)'],"['Politics and Government', 'Human Rights and Human Rights Violations', 'Women and Girls']"
b'On the Road to Uruguay\xe2\x80\x99s Barely Known and Beautiful Beaches',b'This progressive country has long been off the radar for North Americans. But it has some of the best beaches in South America and discounts for foreign travelers.',The New York Times,News,https://www.nytimes.com/2019/01/22/travel/uruguay-beaches-budget.html,2115,['Uruguay'],"['Travel and Vacations', 'Budget Travel', 'Beaches']"
b'T\xe2\x80\x99s Wellness Guide to Milan',"b'A shortlist of places to find holistic facials, ashtanga yoga \xe2\x80\x94 and, yes, even gluten-free pizza.'",The New York Times,News,https://www.nytimes.com/2019/02/20/t-magazine/milan-wellness.html,2170,"['Italy', 'Milan (Italy)']","['Restaurants', 'Spas', 'Italian Food (Cuisine)', 'Yoga', 'Organic Foods and Products', 'Pizza', 'Exercise', 'Travel and Vacations']"
b'Top Leader at Interior Dept. Pushes a Policy Favoring His Former Client',"b'David Bernhardt, the agency\xe2\x80\x99s acting chief, wants to roll back endangered-species protections on a tiny fish, a change that benefits few outside a California group he once represented as a lobbyist.'",The New York Times,News,https://www.nytimes.com/2019/02/12/climate/david-bernhardt-endangered-species.html,2252,"['California', 'Sacramento River (Calif)', 'San Joaquin River (Calif)']","['Ethics and Official Misconduct', 'Endangered and Extinct Species', 'Global Warming', 'Environment', 'Lobbying and Lobbyists', 'United States Politics and Government', 'Fish and Other Marine Life', 'Agriculture and Farming', 'Drought']"
b'\xe2\x80\x98The Island Always Brings You Back\xe2\x80\x99: Finding a Caribbean Home',"b'A writer never knew her family\xe2\x80\x99s house on St. Thomas, in the U.S. Virgin Islands, but discovering it, and her history, became an obsession.'",The New York Times,News,https://www.nytimes.com/2019/03/04/travel/st-thomas-mafolie-caribbean-travel.html,2609,['St Thomas (Virgin Islands)'],"['Historic Buildings and Sites', 'Travel and Vacations']"
b'What\xe2\x80\x99s Coming in New York Real Estate in 2019 ',"b'An already soft market will get another 20,000 new apartments, making it an even stronger buyer\xe2\x80\x99s and renter\xe2\x80\x99s market. '",The New York Times,News,https://www.nytimes.com/2019/01/04/realestate/whats-coming-in-new-york-real-estate-in-2019.html,2433,"['Astoria (Queens, NY)', 'Chinatown (Manhattan, NY)', 'Williamsburg (Brooklyn, NY)']","['Real Estate and Housing (Residential)', 'Renting and Leasing (Real Estate)']"
b'\xe2\x80\x98I Don\xe2\x80\x99t Want My Writing to Be Charming\xe2\x80\x99',"b'In her latest book, the Norwegian novelist Linn Ullmann turns to a subject she has always avoided: her complicated upbringing and her famous parents.'",The New York Times,News,https://www.nytimes.com/2019/01/10/magazine/linn-ullmann-unquiet.html,5324,[],"['Writing and Writers', 'Books and Literature', 'Children and Childhood']"
b'Gracie Gold\xe2\x80\x99s Battle for Olympic Glory Ended in a Fight to Save Herself',"b'Gold appeared to be a gold medal favorite in figure skating for the 2018 Winter Games. Then her mental health unraveled, and a cry for help became her boldest move.'",The New York Times,News,https://www.nytimes.com/2019/01/25/sports/gracie-gold-figure-skating-.html,2504,[],"['Olympic Games (2014)', 'Figure Skating', 'Mental Health and Disorders', 'Depression (Mental)', 'Eating Disorders']"
"b'Competing Against Chinese Loans, U.S. Companies Face Long Odds in Africa'",b'The competition to build an oil refinery in Uganda is a case study in what America faces as it challenges China\xe2\x80\x99s infrastructure lending program.',The New York Times,News,https://www.nytimes.com/2019/01/13/world/africa/china-loans-africa-usa.html,2501,"['Uganda', 'China']","['Foreign Investments', 'Infrastructure (Public Works)', 'Refineries', 'United States International Relations']"
b'A Mar-a-Lago Weekend and an Act of God: Trump\xe2\x80\x99s History With Deutsche Bank',"b'Deutsche Bank\xe2\x80\x99s hunger for profits and risk led it to lend Donald Trump more than $2 billion. Once he was elected president, employees were told not to utter his name.'",The New York Times,News,https://www.nytimes.com/2019/03/18/business/trump-deutsche-bank.html,3816,['Manhattan (NYC)'],"['Banking and Financial Institutions', 'Real Estate (Commercial)', 'United States Politics and Government', 'Presidential Election of 2016', 'Credit and Debt']"
b'Brumadinho Dam Collapse: A Tidal Wave of Mud',b'A mining dam collapsed and buried more than 150 people. Now Brazil is casting an anxious eye on dozens of dams like it.',The New York Times,Interactive Feature,https://www.nytimes.com/interactive/2019/02/09/world/americas/brazil-dam-collapse.html,,['Brazil'],"['Levees and Dams', 'Regulation and Deregulation of Industry', 'Mines and Mining', 'Engineering and Engineers', 'Accidents and Safety']"
b'How A.S.M.R. Became a Sensation',"b'The brain-tingling feeling was a hard-to-describe psychological oddity. Until, suddenly, it was a YouTube phenomenon.'",The New York Times,News,https://www.nytimes.com/2019/04/04/magazine/how-asmr-videos-became-a-sensation-youtube.html,4511,[],"['Computers and the Internet', 'Video Recordings, Downloads and Streaming', 'Senses and Sensation', 'Psychology and Psychologists']"
"b'What Students Are Saying About: Gov. Ralph Northam, Boredom and the Polar Vortex'",b'The best recent teenage comments in response to our writing prompts \xe2\x80\x94 and an invitation to join the ongoing conversation.',The New York Times,News,https://www.nytimes.com/2019/02/07/learning/what-students-are-saying-about-gov-ralph-northam-boredom-and-the-polar-vortex.html,4337,[],[]
b'40 Stories From Women About Life in the Military',b'Servicewomen and veterans share the stories that have stayed with them from their time in the military.',The New York Times,News,https://www.nytimes.com/2019/03/08/magazine/women-military-stories.html,4524,['Afghanistan'],"['United States Defense and Military Forces', 'Afghanistan War (2001- )', 'Women and Girls', 'Sexual Harassment']"
"b'Shopping in Pyongyang, and Other Adventures in North Korean Capitalism'","b'Far from the stereotype of total economic isolation, the black market has brought a surprising degree of modernity and consumerism \xe2\x80\x94 for some.'",The New York Times,News,https://www.nytimes.com/2019/02/14/magazine/north-korea-black-market-economy.html,5263,['North Korea'],"['Black Markets', 'Economic Conditions and Trends', 'Rationing and Allocation of Resources', 'International Trade and World Market']"
"b'A Conversation With Terrence McNally, the Bard of American Theater'","b'At 80, the legendary playwright reflects on his forward-looking art.'",The New York Times,Interactive Feature,https://www.nytimes.com/interactive/2019/04/10/t-magazine/terrence-mcnally-interview.html,,[],"['Writing and Writers', 'Homosexuality and Bisexuality', 'Theater']"
b'Playing to Win: Using Sports to Develop Evidence-Based Arguments',"b'From honing arguments on current sports controversies to making a case for the G.O.A.T. to proposing needed rules changes, here are some ideas for using sports to sharpen student skills.'",The New York Times,News,https://www.nytimes.com/2019/02/07/learning/lesson-plans/playing-to-win-using-sports-to-develop-evidence-based-arguments.html,5221,[],[]
b'The Epic Hunt for a Lost World War II Aircraft Carrier',"b'In 1942, a volley of torpedoes sent the U.S.S. Wasp to the bottom of the Pacific. For decades, the families of the dead wondered where in the lightless depths of the ocean the ship could possibly be. Earlier this year, a team of wreck hunters set ...'",The New York Times,News,https://www.nytimes.com/2019/03/13/magazine/uss-wasp-lost-world-war-ii-aircraft-carrier.html,8322,[],"['Maritime Accidents and Safety', 'Torpedoes', 'Aviation Accidents, Safety and Disasters', 'World War II (1939-45)']"
b'Along the U.S.-Mexico Border',"b'As the president fights to build a wall between the United States and Mexico, correspondent Azam Ahmed and photographer Meridith Kohut drove the approximately 1,900-mile border and sent dispatches from crossings along the way.'",The New York Times,Interactive Feature,https://www.nytimes.com/interactive/2019/01/10/world/americas/crossing-us-mexico-border.html,,"['Mexico', 'United States']","['Border Barriers', 'United States Politics and Government', 'Illegal Immigration', 'Immigration and Emigration', 'Asylum, Right of']"
b'How Rupert Murdoch\xe2\x80\x99s Empire of Influence Remade the World',b'Murdoch and his children have toppled governments on two continents and destabilized the most important democracy on Earth. What do they want?',The New York Times,Interactive Feature,https://www.nytimes.com/interactive/2019/04/03/magazine/rupert-murdoch-fox-news-trump.html,,"['Great Britain', 'Australia']","['News and News Media', 'Presidential Election of 2016', 'United States Politics and Government', 'Politics and Government', 'Regulation and Deregulation of Industry', 'Conservatism (US Politics)', 'Family Business', 'Great Britain Withdrawal from EU (Brexit)']"
"b'What Students Are Saying About: Female Superheroes, Being Left Out and Their Dream Homes'",b'The best recent teenage comments in response to our writing prompts \xe2\x80\x94 and an invitation to join the ongoing conversation.',The New York Times,News,https://www.nytimes.com/2019/03/14/learning/what-students-are-saying-about-female-superheroes-being-left-out-and-their-dream-homes.html,8972,[],[]
"b'He Played by the Rules of Putin\xe2\x80\x99s Russia, Until He Didn\xe2\x80\x99t: The Story of a Murder'","b'When the Russian politician Denis Voronenkov was gunned down in Ukraine, officials blamed the Kremlin. The truth was more complicated.'",The New York Times,News,https://www.nytimes.com/2019/02/05/magazine/denis-voronenkov-assassination-russia-ukraine.html,8355,"['Kiev (Ukraine)', 'Russia']",['Corruption (Institutional)']
b'The Mystery Gift at the End of the World',"b'My mother-in-law wouldn\xe2\x80\x99t tell us what our wedding gift would be \xe2\x80\x94 only that we\xe2\x80\x99d have to travel to a forest, on an island, in Sweden, to receive it.'",The New York Times,Interactive Feature,https://www.nytimes.com/interactive/2019/03/21/magazine/mushrooms-sweden-island.html,,['Sweden'],"['Mushrooms', 'Weddings and Engagements', 'Travel and Vacations']"
b'It Was Just a Kayaking Trip. Until It Upended Our Lives.',"b'A weeklong trip in Alaska was supposed to be an adventure. In an instant, it became the experience that defined us all.'",The New York Times,Interactive Feature,https://www.nytimes.com/interactive/2019/03/20/magazine/kayaking-trip-alaska.html,,"['Glacier Bay National Park (Alaska)', 'Alaska']","['Kayaks', 'Travel and Vacations']"
b'There Is No Reason to Cross the U.S. by Train. But I Did It Anyway.',b'The particular sheen of America by Amtrak.',The New York Times,Interactive Feature,https://www.nytimes.com/interactive/2019/03/20/magazine/train-across-america-amtrak.html,,"['California', 'Colorado', 'United States']","['Travel and Vacations', 'Budget Travel', 'Railroads']"
"b'Rick Steves Wants to Save the World, One Vacation at a Time'",b'The travel guru believes the tiniest exposure to other cultures will change Americans\xe2\x80\x99 entire lives.',The New York Times,Interactive Feature,https://www.nytimes.com/interactive/2019/03/20/magazine/rick-steves-travel-world.html,,[],"['Travel and Vacations', 'United States Politics and Government', 'Marijuana']"
b'The Top 25 Songs That Matter Right Now',"b'Listen to music \xe2\x80\x94 from the blockbuster hits, critical darlings and conversation pieces of the moment \xe2\x80\x94 few of which take a direct route to the usual joys of pop.'",The New York Times,Interactive Feature,https://www.nytimes.com/interactive/2019/03/07/magazine/top-songs.html,,[],"['Pop and Rock Music', 'Rhythm and Blues (Music)', 'Rap and Hip-Hop']"
